{"cameraMode":{"drawMode":0,"name":"Shaded","section":"Shading Mode"},"sceneLighting":true,"audioPlay":false,"sceneViewState":{"showFog":true,"showMaterialUpdate":false,"showSkybox":true,"showFlares":true,"showImageEffects":true,"showParticleSystems":true},"in2DMode":false,"pivot":{"x":420.9917297363281,"y":16.352039337158204,"z":-567.2445068359375},"rotation":{"x":0.3457062542438507,"y":-0.24414539337158204,"z":0.09366530925035477,"w":0.9011715650558472},"size":10.0,"orthographic":false}